N,FLOP,Flops,s
4096,137438953472,5.184346e+10,2.651037
